Player,Team,FPTS,High_FPTS,Low_FPTS,VAL,F,C,PS,Position
Patrick Mahomes II,KC,383.9,449.0,366.5,10.193749999999998,9.10625,14.2625,91.0,QB
Josh Allen,BUF,380.7,446.5,371.9,9.993749999999999,9.443749999999998,14.10625,83.0,QB
Jalen Hurts,PHI,378.4,427.0,370.6,9.849999999999998,9.3625,12.8875,74.0,QB
Lamar Jackson,BAL,350.6,396.1,338.6,8.1125,7.362500000000001,10.95625,67.0,QB
Joe Burrow,CIN,346.0,400.1,331.7,7.824999999999999,6.931249999999999,11.20625,61.0,QB
Justin Fields,CHI,326.0,371.8,310.4,6.574999999999999,5.599999999999998,9.4375,55.0,QB
Justin Herbert,LAC,321.6,383.1,319.6,6.300000000000001,6.175000000000001,10.14375,50.0,QB
Deshaun Watson,CLE,312.8,349.0,299.5,5.75,4.918749999999999,8.0125,45.0,QB
Kirk Cousins,MIN,301.0,357.2,285.6,5.012499999999999,4.050000000000001,8.524999999999999,40.0,QB
Trevor Lawrence,JAC,300.4,348.3,289.2,4.974999999999998,4.274999999999999,7.96875,36.0,QB
Dak Prescott,DAL,300.0,342.9,292.4,4.949999999999999,4.474999999999998,7.631249999999998,32.0,QB
Daniel Jones,NYG,297.3,335.8,289.0,4.78125,4.262499999999999,7.1875,28.0,QB
Geno Smith,SEA,295.4,362.9,282.2,4.662499999999998,3.8374999999999986,8.881249999999998,24.0,QB
Aaron Rodgers,NYJ,286.0,329.3,278.8,4.074999999999999,3.625,6.78125,20.0,QB
Russell Wilson,DEN,282.4,321.0,253.3,3.849999999999998,2.03125,6.262499999999999,17.0,QB
Jared Goff,DET,278.9,332.0,272.0,3.631249999999998,3.1999999999999993,6.949999999999999,14.0,QB
Tua Tagovailoa,MIA,276.2,323.7,252.7,3.4624999999999986,1.9937499999999986,6.431249999999999,11.0,QB
Anthony Richardson,IND,260.8,292.0,182.9,2.5,-2.3687500000000004,4.449999999999999,9.0,QB
Derek Carr,NO,252.8,287.1,239.7,2.0,1.1812499999999986,4.143750000000001,7.0,QB
Kenny Pickett,PIT,250.6,288.2,231.6,1.862499999999999,0.6749999999999989,4.212499999999999,6.0,QB
Jordan Love,GB,250.5,295.2,241.0,1.8562499999999993,1.2624999999999993,4.649999999999999,4.0,QB
Matthew Stafford,LAR,250.5,304.5,241.0,1.8562499999999993,1.2624999999999993,5.231249999999999,2.0,QB
Brock Purdy,SF,239.9,286.0,238.0,1.1937499999999996,1.0749999999999993,4.074999999999999,1.0,QB
Bryce Young,CAR,239.6,269.0,228.1,1.174999999999999,0.45624999999999893,3.0124999999999993,0.0,QB
Jimmy Garoppolo,LV,227.0,290.2,175.1,0.3874999999999993,-2.856250000000001,4.337499999999999,0.0,QB
C.J. Stroud,HOU,220.8,262.4,198.0,0.0,-1.4250000000000007,2.599999999999998,0.0,QB
Ryan Tannehill,TEN,219.6,243.1,192.9,-0.07500000000000107,-1.7437500000000004,1.393749999999999,0.0,QB
Mac Jones,NE,218.6,250.6,170.0,-0.13750000000000107,-3.1750000000000007,1.862499999999999,0.0,QB
Kyler Murray,ARI,214.8,267.0,168.3,-0.375,-3.28125,2.8874999999999993,0.0,QB
Sam Howell,WAS,204.6,246.6,148.3,-1.012500000000001,-4.53125,1.612499999999999,0.0,QB
Desmond Ridder,ATL,192.5,226.0,163.8,-1.7687500000000007,-3.5625,0.3249999999999993,0.0,QB
Baker Mayfield,TB,186.4,241.2,139.4,-2.1500000000000004,-5.0875,1.2749999999999986,0.0,QB
Jacoby Brissett,WAS,77.4,134.3,6.0,-8.9625,-13.425,-5.40625,0.0,QB
Kyle Trask,TB,76.2,99.4,42.0,-9.037500000000001,-11.175,-7.5875,0.0,QB
Colt McCoy,ARI,66.4,119.7,13.0,-9.65,-12.9875,-6.3187500000000005,0.0,QB
Will Levis,TEN,57.5,93.6,6.0,-10.20625,-13.425,-7.950000000000001,0.0,QB
Trey Lance,SF,52.1,111.6,0.0,-10.543750000000001,-13.8,-6.825000000000001,0.0,QB
Brian Hoyer,LV,44.8,75.8,16.2,-11.0,-12.787500000000001,-9.0625,0.0,QB
Taylor Heinicke,ATL,43.4,67.7,13.0,-11.0875,-12.9875,-9.568750000000001,0.0,QB
Gardner Minshew II,IND,41.1,81.8,5.0,-11.231250000000001,-13.4875,-8.6875,0.0,QB
Sam Darnold,SF,34.2,71.4,2.5,-11.662500000000001,-13.64375,-9.3375,0.0,QB
Mike White,MIA,32.1,41.5,18.0,-11.793750000000001,-12.675,-11.20625,0.0,QB
Bailey Zappe,NE,30.9,48.3,4.0,-11.86875,-13.55,-10.78125,0.0,QB
Clayton Tune,ARI,29.6,25.2,25.2,-11.950000000000001,-12.225000000000001,-12.225000000000001,0.0,QB
Davis Mills,HOU,26.5,39.7,7.0,-12.14375,-13.3625,-11.318750000000001,0.0,QB
Tyrod Taylor,NYG,24.9,24.7,9.0,-12.24375,-13.2375,-12.256250000000001,0.0,QB
Marcus Mariota,PHI,23.8,36.5,8.5,-12.3125,-13.26875,-11.51875,0.0,QB
Brett Rypien,LAR,23.5,30.0,9.0,-12.33125,-13.2375,-11.925,0.0,QB
Tyler Huntley,BAL,23.3,30.1,7.0,-12.34375,-13.3625,-11.918750000000001,0.0,QB
Andy Dalton,CAR,23.0,26.5,7.0,-12.3625,-13.3625,-12.14375,0.0,QB
Mitch Trubisky,PIT,22.4,40.7,7.0,-12.4,-13.3625,-11.256250000000001,0.0,QB
Jarrett Stidham,DEN,21.4,40.1,9.0,-12.4625,-13.2375,-11.293750000000001,0.0,QB
Teddy Bridgewater,DET,19.6,26.0,9.0,-12.575000000000001,-13.2375,-12.175,0.0,QB
Zach Wilson,NYJ,19.5,20.4,16.5,-12.58125,-12.76875,-12.525,0.0,QB
Jameis Winston,NO,19.2,28.9,9.0,-12.600000000000001,-13.2375,-11.99375,0.0,QB
Easton Stick,LAC,19.2,18.6,18.6,-12.600000000000001,-12.637500000000001,-12.637500000000001,0.0,QB
Sean Clifford,GB,19.1,27.2,5.4,-12.606250000000001,-13.4625,-12.100000000000001,0.0,QB
Joshua Dobbs,CLE,19.0,28.6,7.0,-12.6125,-13.3625,-12.012500000000001,0.0,QB
Hendon Hooker,DET,19.0,16.2,16.2,-12.6125,-12.787500000000001,-12.787500000000001,0.0,QB
P.J. Walker,CHI,19.0,13.6,8.4,-12.6125,-13.275,-12.950000000000001,0.0,QB
Nick Mullens,MIN,18.7,26.8,4.0,-12.631250000000001,-13.55,-12.125,0.0,QB
Stetson Bennett,LAR,18.2,28.7,3.8,-12.662500000000001,-13.5625,-12.006250000000001,0.0,QB
Trevor Siemian,CIN,18.1,23.0,8.7,-12.668750000000001,-13.256250000000001,-12.3625,0.0,QB
Drew Lock,SEA,17.9,21.4,7.0,-12.68125,-13.3625,-12.4625,0.0,QB
C.J. Beathard,JAC,17.2,25.0,6.0,-12.725000000000001,-13.425,-12.2375,0.0,QB
Blaine Gabbert,KC,16.3,27.3,1.8,-12.78125,-13.6875,-12.09375,0.0,QB
Cooper Rush,DAL,16.1,19.7,6.0,-12.793750000000001,-13.425,-12.568750000000001,0.0,QB
David Blough,ARI,15.6,18.0,5.4,-12.825000000000001,-13.4625,-12.675,0.0,QB
Matt Corral,CAR,13.5,10.8,10.8,-12.95625,-13.125,-13.125,0.0,QB
Kyle Allen,BUF,13.2,10.2,6.0,-12.975000000000001,-13.425,-13.162500000000001,0.0,QB
Malik Willis,TEN,13.0,21.6,1.0,-12.9875,-13.7375,-12.450000000000001,0.0,QB
Aidan O'Connell,LV,12.5,16.2,7.6,-13.01875,-13.325000000000001,-12.787500000000001,0.0,QB
Dorian Thompson-Robinson,CLE,11.3,10.8,8.0,-13.09375,-13.3,-13.125,0.0,QB
Jaren Hall,MIN,10.9,9.0,8.0,-13.11875,-13.3,-13.2375,0.0,QB
Skylar Thompson,MIA,10.3,12.6,1.8,-13.15625,-13.6875,-13.012500000000001,0.0,QB
Max Duggan,LAC,10.1,8.0,8.0,-13.168750000000001,-13.3,-13.3,0.0,QB
Nate Sudfeld,DET,10.0,9.7,9.7,-13.175,-13.193750000000001,-13.193750000000001,0.0,QB
Tanner McKee,PHI,9.4,8.0,8.0,-13.2125,-13.3,-13.3,0.0,QB
Case Keenum,HOU,9.1,13.6,1.8,-13.231250000000001,-13.6875,-12.950000000000001,0.0,QB
Jake Haener,NO,9.1,8.0,8.0,-13.231250000000001,-13.3,-13.3,0.0,QB
Matt Barkley,BUF,8.4,7.9,7.9,-13.275,-13.30625,-13.30625,0.0,QB
Tommy DeVito,NYG,1.3,1.3,1.3,-13.71875,-13.71875,-13.71875,0.0,QB
Shane Buechele,KC,1.0,1.0,1.0,-13.7375,-13.7375,-13.7375,0.0,QB
Mason Rudolph,PIT,0.8,0.8,0.8,-13.75,-13.75,-13.75,0.0,QB
Will Grier,DAL,0.4,0.4,0.4,-13.775,-13.775,-13.775,0.0,QB
Josh Johnson,BAL,0.0,0.6,0.6,-13.8,-13.762500000000001,-13.762500000000001,0.0,QB
Christian McCaffrey,SF,268.5,360.7,234.5,8.55,6.425000000000001,14.3125,93.0,RB
Austin Ekeler,LAC,261.0,353.6,246.8,8.08125,7.193750000000001,13.868750000000002,87.0,RB
Josh Jacobs,LV,234.6,305.8,190.3,6.43125,3.6625000000000014,10.881250000000001,82.0,RB
Bijan Robinson,ATL,233.3,267.3,210.8,6.350000000000001,4.943750000000001,8.475000000000001,77.0,RB
Nick Chubb,CLE,232.4,278.5,180.8,6.293750000000001,3.0687500000000014,9.175,72.0,RB
Derrick Henry,TEN,232.1,293.3,183.9,6.275,3.262500000000001,10.100000000000001,67.0,RB
Saquon Barkley,NYG,231.5,287.2,198.2,6.237500000000001,4.15625,9.71875,62.0,RB
Tony Pollard,DAL,227.7,267.2,185.5,6.0,3.3625000000000007,8.46875,57.0,RB
Joe Mixon,CIN,217.9,317.3,175.5,5.387500000000001,2.7375000000000007,11.600000000000001,53.0,RB
Rhamondre Stevenson,NE,215.2,311.9,170.9,5.21875,2.450000000000001,11.2625,49.0,RB
Jonathan Taylor,IND,214.7,252.5,186.0,5.1875,3.3937500000000007,7.550000000000001,45.0,RB
Aaron Jones,GB,210.5,286.8,171.7,4.925000000000001,2.5,9.693750000000001,41.0,RB
Breece Hall,NYJ,202.8,257.8,166.7,4.443750000000001,2.1875,7.881250000000001,37.0,RB
Najee Harris,PIT,202.7,241.2,159.1,4.4375,1.7125000000000004,6.84375,34.0,RB
Travis Etienne Jr.,JAC,197.3,241.2,155.2,4.100000000000001,1.46875,6.84375,31.0,RB
Alexander Mattison,MIN,188.1,245.5,156.7,3.5250000000000004,1.5625,7.112500000000001,28.0,RB
James Conner,ARI,188.1,252.4,160.7,3.5250000000000004,1.8125,7.543750000000001,25.0,RB
Kenneth Walker III,SEA,187.6,218.8,149.8,3.4937500000000004,1.1312500000000014,5.443750000000001,22.0,RB
Jahmyr Gibbs,DET,183.1,220.1,152.1,3.2125000000000004,1.2750000000000004,5.525,20.0,RB
Dameon Pierce,HOU,182.1,220.7,166.3,3.1500000000000004,2.1625000000000014,5.5625,17.0,RB
Rachaad White,TB,175.0,242.2,122.6,2.7062500000000007,-0.5687499999999996,6.90625,15.0,RB
Miles Sanders,CAR,174.0,210.6,135.9,2.6437500000000007,0.26250000000000107,4.93125,13.0,RB
Isiah Pacheco,KC,168.8,221.8,129.5,2.3187500000000014,-0.1374999999999993,5.631250000000001,11.0,RB
Cam Akers,LAR,168.4,199.2,123.3,2.293750000000001,-0.5249999999999995,4.21875,9.0,RB
J.K. Dobbins,BAL,166.3,186.6,143.5,2.1625000000000014,0.7375000000000007,3.4312500000000004,8.0,RB
David Montgomery,DET,164.9,198.0,138.6,2.075000000000001,0.43125000000000036,4.143750000000001,6.0,RB
Javonte Williams,DEN,158.4,237.4,133.4,1.668750000000001,0.10625000000000107,6.606250000000001,5.0,RB
James Cook,BUF,157.5,216.6,126.5,1.6125000000000007,-0.3249999999999993,5.30625,3.0,RB
Alvin Kamara,NO,155.3,217.2,123.5,1.4750000000000014,-0.5124999999999993,5.34375,2.0,RB
D'Andre Swift,PHI,154.1,212.7,133.0,1.4000000000000004,0.08125000000000071,5.0625,1.0,RB
AJ Dillon,GB,145.0,180.8,117.9,0.8312500000000007,-0.8624999999999989,3.0687500000000014,0.0,RB
Brian Robinson Jr.,WAS,137.9,186.7,121.2,0.38750000000000107,-0.6562499999999991,3.4375,0.0,RB
Antonio Gibson,WAS,134.1,181.9,113.6,0.15000000000000036,-1.1312499999999996,3.137500000000001,-0.0,RB
Samaje Perine,DEN,131.7,164.4,109.5,0.0,-1.3874999999999993,2.043750000000001,-0.0,RB
Khalil Herbert,CHI,127.0,166.5,108.3,-0.2937499999999993,-1.4624999999999995,2.1750000000000007,0.0,RB
Jeff Wilson Jr.,MIA,124.0,195.8,84.7,-0.4812499999999993,-2.937499999999999,4.006250000000001,0.0,RB
Rashaad Penny,PHI,120.1,135.4,109.5,-0.7249999999999996,-1.3874999999999993,0.23125000000000107,0.0,RB
Jamaal Williams,NO,115.8,141.3,100.8,-0.9937499999999995,-1.9312499999999995,0.6000000000000014,0.0,RB
Raheem Mostert,MIA,112.0,134.0,90.8,-1.2312499999999993,-2.5562499999999995,0.1437500000000007,0.0,RB
Elijah Mitchell,SF,110.3,131.3,98.5,-1.3374999999999995,-2.0749999999999993,-0.02499999999999858,0.0,RB
Tyler Allgeier,ATL,104.6,137.7,89.8,-1.6937499999999996,-2.6187499999999995,0.375,0.0,RB
Jerick McKinnon,KC,103.3,131.9,71.7,-1.7749999999999995,-3.749999999999999,0.012500000000001066,0.0,RB
Damien Harris,BUF,102.8,127.5,86.9,-1.8062499999999995,-2.799999999999999,-0.2624999999999993,0.0,RB
Devin Singletary,HOU,102.6,137.5,82.5,-1.8187499999999996,-3.0749999999999993,0.3625000000000007,0.0,RB
Zach Charbonnet,SEA,99.9,136.0,56.9,-1.987499999999999,-4.674999999999999,0.2687500000000007,0.0,RB
Chuba Hubbard,CAR,98.6,161.3,75.2,-2.0687499999999996,-3.531249999999999,1.8500000000000014,0.0,RB
D'Onta Foreman,CHI,96.5,135.5,79.5,-2.1999999999999993,-3.2624999999999993,0.2375000000000007,0.0,RB
Jaylen Warren,PIT,96.1,119.5,72.6,-2.2249999999999996,-3.6937499999999996,-0.7624999999999993,0.0,RB
De'Von Achane,MIA,95.0,131.4,88.4,-2.2937499999999993,-2.706249999999999,-0.018749999999998934,0.0,RB
Kenneth Gainwell,PHI,80.9,106.4,74.8,-3.174999999999999,-3.5562499999999995,-1.581249999999999,0.0,RB
Gus Edwards,BAL,79.6,91.8,42.2,-3.2562499999999996,-5.593749999999999,-2.4937499999999995,0.0,RB
Tank Bigsby,JAC,78.2,104.8,65.7,-3.343749999999999,-4.124999999999999,-1.6812499999999995,0.0,RB
Chase Edmonds,TB,76.9,123.0,58.6,-3.424999999999999,-4.56875,-0.5437499999999993,0.0,RB
Roschon Johnson,CHI,75.4,96.2,67.6,-3.518749999999999,-4.00625,-2.218749999999999,0.0,RB
Cordarrelle Patterson,ATL,74.4,89.5,70.6,-3.581249999999999,-3.8187499999999996,-2.6374999999999993,0.0,RB
Zonovan Knight,NYJ,72.6,91.8,72.9,-3.6937499999999996,-3.674999999999999,-2.4937499999999995,0.0,RB
Joshua Kelley,LAC,69.4,100.3,40.8,-3.893749999999999,-5.6812499999999995,-1.9624999999999995,0.0,RB
Tyjae Spears,TEN,68.3,86.9,63.2,-3.9624999999999995,-4.281249999999999,-2.799999999999999,0.0,RB
Clyde Edwards-Helaire,KC,66.5,92.2,40.8,-4.074999999999999,-5.6812499999999995,-2.468749999999999,0.0,RB
Chase Brown,CIN,66.2,85.8,43.6,-4.093749999999999,-5.50625,-2.8687499999999995,0.0,RB
Michael Carter,NYJ,66.0,107.7,32.6,-4.106249999999999,-6.19375,-1.4999999999999991,0.0,RB
Jerome Ford,CLE,62.5,93.7,29.6,-4.324999999999999,-6.38125,-2.374999999999999,0.0,RB
Kendre Miller,NO,62.0,105.5,29.4,-4.356249999999999,-6.393749999999999,-1.6374999999999993,0.0,RB
Israel Abanikanda,NYJ,57.9,80.7,74.1,-4.612499999999999,-3.5999999999999996,-3.187499999999999,0.0,RB
Keaontay Ingram,ARI,57.9,79.5,47.6,-4.612499999999999,-5.25625,-3.2624999999999993,0.0,RB
Kyren Williams,LAR,57.7,77.4,37.2,-4.624999999999999,-5.906249999999999,-3.393749999999999,0.0,RB
Pierre Strong Jr.,NE,57.5,81.1,49.1,-4.637499999999999,-5.1625,-3.1624999999999996,0.0,RB
Ronald Jones II,DAL,54.5,63.6,45.0,-4.824999999999999,-5.418749999999999,-4.25625,0.0,RB
Ty Chandler,MIN,51.8,71.8,6.9,-4.9937499999999995,-7.799999999999999,-3.7437499999999995,0.0,RB
Zack Moss,IND,50.8,70.8,47.3,-5.0562499999999995,-5.2749999999999995,-3.8062499999999995,0.0,RB
Matt Breida,NYG,50.5,85.8,30.4,-5.074999999999999,-6.331249999999999,-2.8687499999999995,0.0,RB
Latavius Murray,BUF,50.0,96.2,24.3,-5.106249999999999,-6.7124999999999995,-2.218749999999999,0.0,RB
Isaiah Spiller,LAC,47.9,69.5,39.7,-5.237499999999999,-5.749999999999999,-3.8874999999999993,0.0,RB
Corey Clement,ARI,44.9,73.9,24.8,-5.424999999999999,-6.6812499999999995,-3.612499999999999,0.0,RB
Kenyan Drake,IND,44.9,93.3,18.3,-5.424999999999999,-7.0874999999999995,-2.3999999999999995,0.0,RB
Malik Davis,DAL,44.4,53.3,15.9,-5.456249999999999,-7.237499999999999,-4.8999999999999995,0.0,RB
Zach Evans,LAR,44.3,74.9,35.5,-5.4624999999999995,-6.012499999999999,-3.549999999999999,0.0,RB
Melvin Gordon III,BAL,43.9,97.4,35.9,-5.487499999999999,-5.987499999999999,-2.143749999999999,0.0,RB
Deuce Vaughn,DAL,42.5,75.1,17.6,-5.574999999999999,-7.13125,-3.5374999999999996,0.0,RB
Ty Montgomery,NE,41.6,61.4,22.5,-5.63125,-6.824999999999999,-4.393749999999999,0.0,RB
JaMycal Hasty,JAC,41.5,71.9,16.8,-5.637499999999999,-7.1812499999999995,-3.737499999999999,0.0,RB
Eric Gray,NYG,40.9,60.2,42.0,-5.674999999999999,-5.606249999999999,-4.468749999999999,0.0,RB
Ameer Abdullah,LV,39.8,52.7,28.4,-5.7437499999999995,-6.456249999999999,-4.937499999999999,0.0,RB
Deon Jackson,IND,39.3,42.8,38.9,-5.7749999999999995,-5.799999999999999,-5.5562499999999995,0.0,RB
Royce Freeman,LAR,37.4,101.8,13.9,-5.893749999999999,-7.362499999999999,-1.8687499999999995,0.0,RB
DeeJay Dallas,SEA,37.1,75.6,36.2,-5.9125,-5.968749999999999,-3.5062499999999996,0.0,RB
Sean Tucker,TB,36.4,50.3,46.7,-5.956249999999999,-5.312499999999999,-5.0874999999999995,0.0,RB
Hassan Haskins,TEN,35.5,51.1,32.0,-6.012499999999999,-6.231249999999999,-5.0375,0.0,RB
Ke'Shawn Vaughn,TB,35.0,56.5,17.8,-6.043749999999999,-7.1187499999999995,-4.699999999999999,0.0,RB
Kevin Harris,NE,32.6,30.4,26.1,-6.19375,-6.6,-6.331249999999999,0.0,RB
Jordan Mason,SF,32.5,61.5,8.4,-6.199999999999999,-7.706249999999999,-4.387499999999999,0.0,RB
Kene Nwangwu,MIN,31.4,32.7,24.0,-6.268749999999999,-6.731249999999999,-6.187499999999999,0.0,RB
Raheem Blackshear,CAR,31.3,45.0,17.6,-6.2749999999999995,-7.13125,-5.418749999999999,0.0,RB
Chris Rodriguez Jr.,WAS,30.2,49.3,16.2,-6.343749999999999,-7.218749999999999,-5.1499999999999995,0.0,RB
Evan Hull,IND,30.1,53.0,15.6,-6.35,-7.25625,-4.918749999999999,0.0,RB
DeWayne McBride,MIN,29.7,66.8,13.0,-6.374999999999999,-7.418749999999999,-4.0562499999999995,0.0,RB
Zamir White,LV,29.6,81.4,8.4,-6.38125,-7.706249999999999,-3.143749999999999,0.0,RB
Trayveon Williams,CIN,29.6,37.2,5.6,-6.38125,-7.88125,-5.906249999999999,0.0,RB
Boston Scott,PHI,28.0,61.3,8.6,-6.481249999999999,-7.69375,-4.3999999999999995,0.0,RB
Chris Evans,CIN,26.4,46.3,19.5,-6.581249999999999,-7.012499999999999,-5.3374999999999995,0.0,RB
Travis Homer,CHI,26.4,54.2,11.6,-6.581249999999999,-7.50625,-4.843749999999999,0.0,RB
Anthony McFarland Jr.,PIT,26.1,67.8,13.5,-6.6,-7.387499999999999,-3.9937499999999995,0.0,RB
Kyle Juszczyk,SF,26.0,36.1,23.5,-6.606249999999999,-6.762499999999999,-5.975,0.0,RB
J.J. Taylor,NE,25.6,49.1,9.4,-6.63125,-7.643749999999999,-5.1625,0.0,RB
Sincere McCormick,LV,25.5,15.0,15.0,-6.637499999999999,-7.293749999999999,-7.293749999999999,0.0,RB
Patrick Taylor Jr.,GB,25.3,34.5,20.4,-6.6499999999999995,-6.956249999999999,-6.074999999999999,0.0,RB
Jonathan Williams,WAS,24.7,36.6,6.1,-6.687499999999999,-7.85,-5.94375,0.0,RB
Kenny McIntosh,SEA,24.3,32.6,14.0,-6.7124999999999995,-7.356249999999999,-6.19375,0.0,RB
Brandon Bolden,LV,24.3,43.3,18.6,-6.7124999999999995,-7.06875,-5.5249999999999995,0.0,RB
D'Ernest Johnson,JAC,23.9,55.1,9.4,-6.737499999999999,-7.643749999999999,-4.7875,0.0,RB
Tony Jones Jr.,DEN,23.6,31.2,5.7,-6.75625,-7.874999999999999,-6.281249999999999,0.0,RB
James Robinson,NYG,23.3,46.2,11.7,-6.7749999999999995,-7.499999999999999,-5.343749999999999,0.0,RB
Demetric Felton Jr.,CLE,23.2,57.2,13.1,-6.781249999999999,-7.4125,-4.656249999999999,0.0,RB
Tyrion Davis-Price,SF,22.2,43.2,8.7,-6.843749999999999,-7.687499999999999,-5.531249999999999,0.0,RB
Gary Brightwell,NYG,20.8,35.9,9.7,-6.9312499999999995,-7.624999999999999,-5.987499999999999,0.0,RB
Tyler Badie,DEN,20.6,53.5,13.7,-6.94375,-7.374999999999999,-4.887499999999999,0.0,RB
Mike Boone,HOU,20.4,21.6,11.9,-6.956249999999999,-7.487499999999999,-6.88125,0.0,RB
Hunter Luepke,DAL,20.2,21.6,14.6,-6.968749999999999,-7.31875,-6.88125,0.0,RB
John Kelly Jr.,CLE,19.8,9.5,9.5,-6.9937499999999995,-7.637499999999999,-7.637499999999999,0.0,RB
Deneric Prince,KC,19.0,32.8,23.8,-7.043749999999999,-6.7437499999999995,-6.1812499999999995,0.0,RB
Snoop Conner,JAC,19.0,25.2,12.3,-7.043749999999999,-7.4624999999999995,-6.656249999999999,0.0,RB
Salvon Ahmed,MIA,18.1,36.2,9.0,-7.1,-7.668749999999999,-5.968749999999999,0.0,RB
Myles Gaskin,MIA,17.8,36.2,11.1,-7.1187499999999995,-7.5375,-5.968749999999999,0.0,RB
Rico Dowdle,DAL,17.5,26.6,5.4,-7.137499999999999,-7.893749999999999,-6.56875,0.0,RB
Dare Ogunbowale,HOU,17.3,50.5,8.8,-7.1499999999999995,-7.6812499999999995,-5.074999999999999,0.0,RB
Brittain Brown,LV,17.2,15.0,8.7,-7.156249999999999,-7.687499999999999,-7.293749999999999,0.0,RB
Lew Nichols III,GB,17.1,15.0,11.0,-7.1625,-7.543749999999999,-7.293749999999999,0.0,RB
Reggie Gilliam,BUF,17.0,16.6,16.6,-7.168749999999999,-7.19375,-7.19375,0.0,RB
Justice Hill,BAL,16.8,29.1,9.2,-7.1812499999999995,-7.656249999999999,-6.4125,0.0,RB
Craig Reynolds,DET,16.8,24.7,10.6,-7.1812499999999995,-7.56875,-6.687499999999999,0.0,RB
Alec Ingold,MIA,15.9,23.6,11.9,-7.237499999999999,-7.487499999999999,-6.75625,0.0,RB
Damarea Crockett,NYJ,15.5,15.3,15.3,-7.262499999999999,-7.2749999999999995,-7.2749999999999995,0.0,RB
Ty'Son Williams,ARI,15.0,15.8,6.5,-7.293749999999999,-7.824999999999999,-7.2437499999999995,0.0,RB
Darrynton Evans,BUF,14.6,19.1,13.4,-7.31875,-7.393749999999999,-7.0375,0.0,RB
C.J. Ham,MIN,13.4,23.5,14.0,-7.393749999999999,-7.356249999999999,-6.762499999999999,0.0,RB
Larry Rountree III,LAC,12.5,9.3,9.3,-7.449999999999999,-7.6499999999999995,-7.6499999999999995,0.0,RB
Zander Horvath,LAC,12.1,22.9,8.3,-7.475,-7.7124999999999995,-6.799999999999999,0.0,RB
Julius Chestnut,TEN,12.1,15.5,9.4,-7.475,-7.643749999999999,-7.262499999999999,0.0,RB
Trey Sermon,PHI,12.1,21.7,8.5,-7.475,-7.699999999999999,-6.874999999999999,0.0,RB
Patrick Ricard,BAL,11.4,24.2,9.4,-7.518749999999999,-7.643749999999999,-6.718749999999999,0.0,RB
Trestan Ebner,CHI,10.9,19.5,7.7,-7.549999999999999,-7.749999999999999,-7.012499999999999,0.0,RB
La'Mical Perine,KC,10.9,10.5,10.5,-7.549999999999999,-7.574999999999999,-7.574999999999999,0.0,RB
Godwin Igwebuike,ATL,10.6,16.6,16.6,-7.56875,-7.19375,-7.19375,0.0,RB
Jermar Jefferson,DET,10.4,10.0,10.0,-7.581249999999999,-7.606249999999999,-7.606249999999999,0.0,RB
Qadree Ollison,JAC,9.3,9.2,9.2,-7.6499999999999995,-7.656249999999999,-7.656249999999999,0.0,RB
Jason Cabinda,DET,9.1,12.3,9.9,-7.6625,-7.612499999999999,-7.4624999999999995,0.0,RB
Giovanni Ricci,CAR,9.0,8.9,8.9,-7.668749999999999,-7.674999999999999,-7.674999999999999,0.0,RB
Spencer Brown,CAR,8.9,8.8,8.8,-7.674999999999999,-7.6812499999999995,-7.6812499999999995,0.0,RB
Patrick Laird,TB,8.9,8.6,8.6,-7.674999999999999,-7.69375,-7.69375,0.0,RB
Ronnie Rivers,LAR,8.6,8.6,8.6,-7.69375,-7.69375,-7.69375,0.0,RB
Nate McCrary,GB,8.6,8.5,8.5,-7.69375,-7.699999999999999,-7.699999999999999,0.0,RB
Jonathan Ward,TEN,8.3,8.3,8.3,-7.7124999999999995,-7.7124999999999995,-7.7124999999999995,0.0,RB
Gerrid Doaks,HOU,8.3,8.3,8.3,-7.7124999999999995,-7.7124999999999995,-7.7124999999999995,0.0,RB
Avery Williams,ATL,8.3,8.1,8.1,-7.7124999999999995,-7.725,-7.725,0.0,RB
Jake Funk,IND,7.9,7.8,7.8,-7.737499999999999,-7.7437499999999995,-7.7437499999999995,0.0,RB
Jaret Patterson,WAS,7.0,10.6,6.2,-7.793749999999999,-7.843749999999999,-7.56875,0.0,RB
Adam Prentice,NO,7.0,11.1,11.1,-7.793749999999999,-7.5375,-7.5375,0.0,RB
Henry Pearson,GB,6.8,10.6,10.6,-7.8062499999999995,-7.56875,-7.56875,0.0,RB
Michael Burton,DEN,6.7,8.8,7.0,-7.812499999999999,-7.793749999999999,-7.6812499999999995,0.0,RB
Jack Colletto,SF,5.7,9.4,9.4,-7.874999999999999,-7.643749999999999,-7.643749999999999,0.0,RB
Jason Huntley,IND,5.6,7.8,3.6,-7.88125,-8.00625,-7.7437499999999995,0.0,RB
Khari Blasingame,CHI,5.3,7.7,5.1,-7.8999999999999995,-7.9125,-7.749999999999999,0.0,RB
Jakob Johnson,LV,5.2,9.8,9.8,-7.906249999999999,-7.6187499999999995,-7.6187499999999995,0.0,RB
Keith Smith,ATL,5.1,7.7,4.6,-7.9125,-7.94375,-7.749999999999999,0.0,RB
Ellis Merriweather,NO,2.3,2.8,2.8,-8.087499999999999,-8.056249999999999,-8.056249999999999,0.0,RB
Tyler Goodson,GB,2.2,2.7,2.7,-8.09375,-8.0625,-8.0625,0.0,RB
Khalan Laborn,SF,1.3,1.9,1.9,-8.149999999999999,-8.112499999999999,-8.112499999999999,0.0,RB
Nick Bellore,SEA,0.0,17.8,17.8,-8.23125,-7.1187499999999995,-7.1187499999999995,0.0,RB
Mohamed Ibrahim,DET,0.0,0.0,0.0,-8.23125,-8.23125,-8.23125,0.0,RB
Jaleel McLaughlin,DEN,0.0,0.0,0.0,-8.23125,-8.23125,-8.23125,0.0,RB
Keaton Mitchell,BAL,0.0,0.0,0.0,-8.23125,-8.23125,-8.23125,0.0,RB
Justin Jefferson,MIN,258.6,338.1,234.9,7.568750000000001,6.0875,12.537500000000001,93.0,WR
Ja'Marr Chase,CIN,252.3,366.2,218.5,7.175000000000001,5.0625,14.29375,87.0,WR
Tyreek Hill,MIA,247.6,365.8,205.7,6.88125,4.262499999999999,14.26875,81.0,WR
Cooper Kupp,LAR,246.7,355.9,220.8,6.824999999999999,5.206250000000001,13.649999999999999,75.0,WR
CeeDee Lamb,DAL,229.9,348.7,194.6,5.775,3.5687499999999996,13.2,70.0,WR
Stefon Diggs,BUF,227.0,309.6,203.4,5.59375,4.11875,10.756250000000001,65.0,WR
Davante Adams,LV,221.6,288.8,207.6,5.25625,4.38125,9.45625,60.0,WR
A.J. Brown,PHI,212.0,257.8,203.6,4.65625,4.13125,7.518750000000001,56.0,WR
Amon-Ra St. Brown,DET,209.2,327.1,186.1,4.481249999999999,3.0374999999999996,11.850000000000001,52.0,WR
Jaylen Waddle,MIA,200.4,286.3,178.7,3.9312500000000004,2.5749999999999993,9.3,49.0,WR
Garrett Wilson,NYJ,192.2,256.9,180.4,3.4187499999999993,2.6812500000000004,7.462499999999999,46.0,WR
Amari Cooper,CLE,187.5,269.0,172.6,3.125,2.1937499999999996,8.21875,43.0,WR
Tee Higgins,CIN,187.3,269.5,166.1,3.1125000000000007,1.7874999999999996,8.25,40.0,WR
Deebo Samuel,SF,186.7,271.0,166.5,3.0749999999999993,1.8125,8.34375,38.0,WR
Chris Olave,NO,185.3,280.4,163.6,2.9875000000000007,1.6312499999999996,8.931249999999999,35.0,WR
DeVonta Smith,PHI,184.8,268.5,169.2,2.9562500000000007,1.9812499999999993,8.1875,32.0,WR
DK Metcalf,SEA,182.6,259.1,156.0,2.8187499999999996,1.15625,7.600000000000001,30.0,WR
Keenan Allen,LAC,179.0,263.3,159.0,2.59375,1.34375,7.862500000000001,28.0,WR
Christian Watson,GB,178.7,251.3,167.8,2.5749999999999993,1.8937500000000007,7.112500000000001,25.0,WR
Calvin Ridley,JAC,178.2,281.1,158.2,2.5437499999999993,1.2937499999999993,8.975000000000001,23.0,WR
Jerry Jeudy,DEN,177.8,246.9,159.0,2.5187500000000007,1.34375,6.8375,21.0,WR
Christian Kirk,JAC,171.2,255.6,154.0,2.1062499999999993,1.03125,7.38125,19.0,WR
Terry McLaurin,WAS,171.1,255.9,145.1,2.0999999999999996,0.47499999999999964,7.4,17.0,WR
Mike Williams,LAC,171.0,254.8,143.6,2.09375,0.38124999999999964,7.331250000000001,15.0,WR
DeAndre Hopkins,TEN,169.9,250.4,161.7,2.0250000000000004,1.5124999999999993,7.05625,14.0,WR
Chris Godwin,TB,169.7,272.4,142.7,2.0124999999999993,0.3249999999999993,8.431249999999999,12.0,WR
Mike Evans,TB,167.8,263.4,144.1,1.8937500000000007,0.41249999999999964,7.868749999999999,10.0,WR
DJ Moore,CHI,162.9,214.7,158.6,1.5875000000000004,1.3187499999999996,4.824999999999999,9.0,WR
Drake London,ATL,161.1,238.5,153.9,1.4749999999999996,1.0250000000000004,6.3125,7.0,WR
Marquise Brown,ARI,159.7,215.7,145.2,1.3874999999999993,0.4812499999999993,4.887499999999999,6.0,WR
Tyler Lockett,SEA,157.5,222.7,141.6,1.25,0.25624999999999964,5.324999999999999,5.0,WR
Brandon Aiyuk,SF,155.7,225.6,138.9,1.1374999999999993,0.08750000000000036,5.50625,4.0,WR
Brandin Cooks,DAL,154.6,264.3,132.6,1.0687499999999996,-0.30625000000000036,7.925000000000001,3.0,WR
Diontae Johnson,PIT,154.3,230.7,129.5,1.0500000000000007,-0.5,5.824999999999999,2.0,WR
Michael Pittman Jr.,IND,150.8,244.8,115.9,0.8312500000000007,-1.3499999999999996,6.706250000000001,2.0,WR
Jahan Dotson,WAS,146.9,221.1,131.4,0.5875000000000004,-0.38124999999999964,5.225,1.0,WR
George Pickens,PIT,145.0,191.7,135.1,0.46875,-0.15000000000000036,3.3874999999999993,1.0,WR
Gabe Davis,BUF,143.4,211.3,129.1,0.36875000000000036,-0.5250000000000004,4.612500000000001,0.0,WR
Jordan Addison,MIN,141.0,183.9,133.9,0.21875,-0.22499999999999964,2.9000000000000004,0.0,WR
JuJu Smith-Schuster,NE,138.7,232.9,117.2,0.07499999999999929,-1.2687499999999998,5.9625,0.0,WR
Michael Thomas,NO,138.2,237.7,128.0,0.04374999999999929,-0.59375,6.262499999999999,0.0,WR
Treylon Burks,TEN,137.5,173.9,113.2,0.0,-1.5187499999999998,2.2750000000000004,0.0,WR
Kadarius Toney,KC,132.9,216.6,111.7,-0.28749999999999964,-1.6124999999999998,4.94375,0.0,WR
Jaxon Smith-Njigba,SEA,132.0,176.5,120.9,-0.34375,-1.0374999999999996,2.4375,0.0,WR
Courtland Sutton,DEN,130.0,186.8,113.8,-0.46875,-1.4812500000000002,3.0812500000000007,0.0,WR
Nico Collins,HOU,128.5,204.6,118.3,-0.5625,-1.2000000000000002,4.19375,0.0,WR
Rondale Moore,ARI,127.1,215.9,102.3,-0.6500000000000004,-2.2,4.9,0.0,WR
Jakobi Meyers,LV,126.7,207.4,117.2,-0.6749999999999998,-1.2687499999999998,4.36875,0.0,WR
Zay Flowers,BAL,125.2,178.6,120.4,-0.7687499999999998,-1.0687499999999996,2.5687499999999996,0.0,WR
Tyler Boyd,CIN,124.0,203.4,111.9,-0.84375,-1.5999999999999996,4.11875,0.0,WR
Adam Thielen,CAR,121.3,172.5,105.5,-1.0125000000000002,-2.0,2.1875,0.0,WR
Zay Jones,JAC,120.9,206.1,105.0,-1.0374999999999996,-2.03125,4.2875,0.0,WR
Allen Lazard,NYJ,120.4,171.1,114.7,-1.0687499999999996,-1.4249999999999998,2.0999999999999996,0.0,WR
Rashod Bateman,BAL,119.0,173.2,110.5,-1.15625,-1.6875,2.2312499999999993,0.0,WR
DJ Chark Jr.,CAR,116.1,167.8,109.4,-1.3375000000000004,-1.7562499999999996,1.8937500000000007,0.0,WR
Quentin Johnston,LAC,115.8,166.2,111.0,-1.3562500000000002,-1.65625,1.7937499999999993,0.0,WR
Marquez Valdes-Scantling,KC,115.6,188.7,93.1,-1.3687500000000004,-2.7750000000000004,3.1999999999999993,0.0,WR
Darnell Mooney,CHI,114.3,188.1,100.5,-1.4500000000000002,-2.3125,3.1624999999999996,0.0,WR
Romeo Doubs,GB,114.3,174.4,103.5,-1.4500000000000002,-2.125,2.3062500000000004,0.0,WR
Hunter Renfrow,LV,113.8,198.6,102.9,-1.4812500000000002,-2.1624999999999996,3.8187499999999996,0.0,WR
DeVante Parker,NE,113.6,201.2,96.8,-1.4937500000000004,-2.54375,3.9812499999999993,0.0,WR
Donovan Peoples-Jones,CLE,110.4,163.4,100.5,-1.6937499999999996,-2.3125,1.6187500000000004,0.0,WR
Jameson Williams,DET,109.3,149.1,107.9,-1.7625000000000002,-1.8499999999999996,0.7249999999999996,0.0,WR
Curtis Samuel,WAS,109.1,150.9,92.1,-1.7750000000000004,-2.8375000000000004,0.8375000000000004,0.0,WR
Jonathan Mingo,CAR,109.0,174.4,101.4,-1.78125,-2.2562499999999996,2.3062500000000004,0.0,WR
Skyy Moore,KC,106.2,146.4,106.0,-1.9562499999999998,-1.96875,0.5562500000000004,0.0,WR
Michael Gallup,DAL,106.0,135.0,85.8,-1.96875,-3.23125,-0.15625,0.0,WR
Isaiah Hodgins,NYG,105.9,192.1,70.1,-1.9749999999999996,-4.2125,3.4124999999999996,0.0,WR
Van Jefferson,LAR,105.1,168.6,91.1,-2.0250000000000004,-2.9000000000000004,1.9437499999999996,0.0,WR
K.J. Osborn,MIN,104.9,183.9,84.2,-2.0374999999999996,-3.33125,2.9000000000000004,0.0,WR
Robert Woods,HOU,101.8,187.6,83.8,-2.23125,-3.35625,3.1312499999999996,0.0,WR
Odell Beckham Jr.,BAL,101.0,134.5,71.1,-2.28125,-4.15,-0.1875,0.0,WR
Elijah Moore,CLE,100.7,155.6,78.5,-2.3,-3.6875,1.1312499999999996,0.0,WR
Rashid Shaheed,NO,100.0,140.7,86.8,-2.34375,-3.16875,0.1999999999999993,0.0,WR
John Metchie III,HOU,99.1,170.7,75.2,-2.4000000000000004,-3.89375,2.0749999999999993,0.0,WR
Russell Gage,TB,96.5,172.6,89.9,-2.5625,-2.9749999999999996,2.1937499999999996,0.0,WR
Jayden Reed,GB,96.1,142.9,100.3,-2.5875000000000004,-2.325,0.33750000000000036,0.0,WR
Greg Dortch,ARI,94.0,166.7,80.0,-2.71875,-3.59375,1.8249999999999993,0.0,WR
Mecole Hardman Jr.,NYJ,90.5,131.5,83.8,-2.9375,-3.35625,-0.375,0.0,WR
Darius Slayton,NYG,90.5,140.0,78.1,-2.9375,-3.7125000000000004,0.15625,0.0,WR
Alec Pierce,IND,90.5,141.7,68.3,-2.9375,-4.325,0.2624999999999993,0.0,WR
Khalil Shakir,BUF,90.3,134.7,95.1,-2.95,-2.6500000000000004,-0.1750000000000007,0.0,WR
Allen Robinson II,PIT,90.1,166.0,74.2,-2.9625000000000004,-3.95625,1.78125,0.0,WR
Mack Hollins,ATL,89.1,156.0,85.1,-3.0250000000000004,-3.2750000000000004,1.15625,0.0,WR
Corey Davis,NYJ,88.2,130.7,82.4,-3.08125,-3.4437499999999996,-0.4250000000000007,0.0,WR
Chase Claypool,CHI,88.0,129.9,75.6,-3.09375,-3.8687500000000004,-0.47499999999999964,0.0,WR
Marvin Jones Jr.,DET,85.0,138.5,78.1,-3.28125,-3.7125000000000004,0.0625,0.0,WR
Tyquan Thornton,NE,84.5,115.2,66.8,-3.3125,-4.41875,-1.3937499999999998,0.0,WR
Rashee Rice,KC,82.6,117.8,69.0,-3.4312500000000004,-4.28125,-1.2312500000000002,0.0,WR
Joshua Palmer,LAC,77.9,117.1,52.1,-3.7249999999999996,-5.3375,-1.2750000000000004,0.0,WR
Parris Campbell,NYG,77.9,114.8,56.0,-3.7249999999999996,-5.09375,-1.4187500000000002,0.0,WR
Wan'Dale Robinson,NYG,75.1,122.1,61.7,-3.9000000000000004,-4.7375,-0.9625000000000004,0.0,WR
Jalin Hyatt,NYG,72.9,111.2,50.0,-4.0375,-5.46875,-1.6437499999999998,0.0,WR
Ben Skowronek,LAR,72.8,134.6,56.1,-4.04375,-5.0875,-0.18125000000000036,0.0,WR
Josh Reynolds,DET,72.5,103.1,76.6,-4.0625,-3.8062500000000004,-2.1500000000000004,0.0,WR
Nick Westbrook-Ikhine,TEN,69.1,106.8,55.0,-4.275,-5.15625,-1.9187500000000002,0.0,WR
Kendrick Bourne,NE,67.3,87.5,69.0,-4.3875,-4.28125,-3.125,0.0,WR
Terrace Marshall Jr.,CAR,60.4,93.0,48.0,-4.81875,-5.59375,-2.78125,0.0,WR
Richie James Jr.,KC,59.0,99.4,28.1,-4.90625,-6.8375,-2.3812499999999996,0.0,WR
Sterling Shepard,NYG,57.2,86.3,36.6,-5.01875,-6.30625,-3.2,0.0,WR
Isaiah McKenzie,IND,56.5,82.6,59.5,-5.0625,-4.875,-3.4312500000000004,0.0,WR
Marvin Mims Jr.,DEN,54.7,93.5,16.9,-5.175,-7.5375,-2.75,0.0,WR
Laviska Shenault Jr.,CAR,54.3,76.2,61.2,-5.2,-4.76875,-3.83125,0.0,WR
Josh Downs,IND,53.3,103.5,41.2,-5.2625,-6.01875,-2.125,0.0,WR
Tutu Atwell,LAR,51.9,66.3,45.1,-5.35,-5.775,-4.45,0.0,WR
Braxton Berrios,MIA,46.6,106.8,14.9,-5.68125,-7.6625,-1.9187500000000002,0.0,WR
Quez Watkins,PHI,44.7,76.8,30.1,-5.8,-6.7125,-3.79375,0.0,WR
Chris Moore,TEN,44.7,62.6,35.4,-5.8,-6.38125,-4.68125,0.0,WR
Jauan Jennings,SF,43.0,86.8,29.6,-5.90625,-6.74375,-3.16875,0.0,WR
Tank Dell,HOU,41.4,67.6,33.0,-6.00625,-6.53125,-4.36875,0.0,WR
Marquez Callaway,DEN,41.0,105.2,22.7,-6.03125,-7.175,-2.01875,0.0,WR
Olamide Zaccheaus,PHI,41.0,68.2,14.5,-6.03125,-7.6875,-4.33125,0.0,WR
Noah Brown,HOU,40.0,53.4,42.9,-6.09375,-5.9125,-5.25625,0.0,WR
Amari Rodgers,IND,39.7,128.5,14.7,-6.1125,-7.675,-0.5625,0.0,WR
Demarcus Robinson,LAR,39.6,68.3,38.1,-6.11875,-6.2125,-4.325,0.0,WR
Kalif Raymond,DET,38.3,98.8,18.4,-6.2,-7.44375,-2.41875,0.0,WR
Samori Toure,GB,38.3,61.3,26.2,-6.2,-6.95625,-4.7625,0.0,WR
Marquise Goodwin,CLE,38.2,66.9,15.6,-6.20625,-7.61875,-4.4125,0.0,WR
Michael Wilson,ARI,36.8,56.1,47.4,-6.29375,-5.63125,-5.0875,0.0,WR
Charlie Jones,CIN,36.8,66.9,14.9,-6.29375,-7.6625,-4.4125,0.0,WR
Randall Cobb,NYJ,36.5,71.7,26.9,-6.3125,-6.9125,-4.1125,0.0,WR
Cole Beasley,NYG,36.2,91.0,13.2,-6.33125,-7.76875,-2.90625,0.0,WR
Cedrick Wilson Jr.,MIA,35.8,56.2,33.2,-6.35625,-6.51875,-5.08125,0.0,WR
Cade Johnson,SEA,35.0,51.6,51.6,-6.40625,-5.36875,-5.36875,0.0,WR
Jalen Guyton,LAC,34.3,58.9,15.0,-6.45,-7.65625,-4.9125,0.0,WR
Devin Duvernay,BAL,33.6,69.5,11.5,-6.49375,-7.875,-4.25,0.0,WR
Kyle Philips,TEN,31.5,53.4,23.1,-6.625,-7.15,-5.25625,0.0,WR
Justin Watson,KC,30.8,64.3,21.1,-6.66875,-7.275,-4.575,0.0,WR
David Bell,CLE,30.6,60.7,24.9,-6.68125,-7.0375,-4.8,0.0,WR
Cody Chrest,GB,29.4,42.5,42.5,-6.75625,-5.9375,-5.9375,0.0,WR
Trey Palmer,TB,28.8,34.6,31.8,-6.79375,-6.60625,-6.43125,0.0,WR
Jamal Agnew,JAC,28.7,72.4,22.6,-6.8,-7.18125,-4.06875,0.0,WR
Dyami Brown,WAS,27.4,40.2,18.6,-6.88125,-7.43125,-6.08125,0.0,WR
Trent Sherfield,BUF,26.7,59.5,14.7,-6.925,-7.675,-4.875,0.0,WR
Lynn Bowden Jr.,NO,26.3,38.6,38.6,-6.95,-6.18125,-6.18125,0.0,WR
Tre Nixon,NE,24.8,34.9,34.9,-7.04375,-6.4125,-6.4125,0.0,WR
Zach Pascal,ARI,24.4,37.7,18.9,-7.06875,-7.4125,-6.2375,0.0,WR
KhaDarel Hodge,ATL,23.8,70.9,10.3,-7.10625,-7.95,-4.1625,0.0,WR
Steven Sims Jr.,HOU,23.5,34.0,19.5,-7.125,-7.375,-6.46875,0.0,WR
Dee Eskridge,SEA,23.0,39.6,13.5,-7.15625,-7.75,-6.11875,0.0,WR
Calvin Austin III,PIT,22.8,35.9,23.5,-7.16875,-7.125,-6.35,0.0,WR
Trenton Irwin,CIN,22.4,28.2,21.1,-7.19375,-7.275,-6.83125,0.0,WR
Greg Ward,PHI,21.9,31.9,31.9,-7.225,-6.6,-6.6,0.0,WR
Shi Smith,CAR,20.6,38.2,16.9,-7.30625,-7.5375,-6.20625,0.0,WR
David Moore,TB,20.2,39.7,13.2,-7.33125,-7.76875,-6.1125,0.0,WR
Kendall Hinton,DEN,19.3,41.9,13.3,-7.3875,-7.7625,-5.975,0.0,WR
Andre Baccellia,ARI,18.7,18.5,18.5,-7.425,-7.4375,-7.4375,0.0,WR
Brandon Powell,MIN,18.1,43.9,12.1,-7.4625,-7.8375,-5.85,0.0,WR
Tre Tucker,LV,18.1,34.2,16.0,-7.4625,-7.59375,-6.45625,0.0,WR
DeAndre Carter,LV,17.7,43.2,9.2,-7.4875,-8.01875,-5.89375,0.0,WR
Phillip Dorsett II,LV,17.5,49.3,8.7,-7.5,-8.05,-5.5125,0.0,WR
Damiere Byrd,CAR,17.5,20.4,19.2,-7.5,-7.39375,-7.31875,0.0,WR
Deven Thompkins,TB,16.8,35.4,8.3,-7.54375,-8.075,-6.38125,0.0,WR
Nelson Agholor,BAL,16.8,51.2,6.9,-7.54375,-8.1625,-5.39375,0.0,WR
Equanimeous St. Brown,CHI,16.5,42.8,7.4,-7.5625,-8.13125,-5.91875,0.0,WR
Jalen Virgil,DEN,16.2,15.9,15.9,-7.58125,-7.6,-7.6,0.0,WR
Ashton Dulin,IND,15.6,21.3,11.2,-7.61875,-7.89375,-7.2625,0.0,WR
Scott Miller,ATL,15.3,31.8,9.8,-7.6375,-7.98125,-6.60625,0.0,WR
Velus Jones Jr.,CHI,15.3,26.8,9.7,-7.6375,-7.9875,-6.91875,0.0,WR
Jamison Crowder,NYG,15.1,37.4,6.1,-7.65,-8.2125,-6.25625,0.0,WR
Jalen Nailor,MIN,14.9,34.6,9.8,-7.6625,-7.98125,-6.43125,0.0,WR
Denzel Mims,DET,14.5,18.4,14.5,-7.6875,-7.6875,-7.44375,0.0,WR
Jalen Reagor,MIN,14.4,18.2,15.7,-7.69375,-7.6125,-7.45625,0.0,WR
Cody Thompson,SEA,14.4,14.3,14.3,-7.69375,-7.7,-7.7,0.0,WR
Bryan Edwards,NO,14.3,27.9,10.7,-7.7,-7.925,-6.85,0.0,WR
Tre'Quan Smith,NO,14.2,26.1,8.5,-7.70625,-8.0625,-6.9625,0.0,WR
Jalen Tolbert,DAL,13.7,32.5,7.7,-7.7375,-8.1125,-6.5625,0.0,WR
Kaylon Geiger Sr.,TB,13.4,18.9,18.9,-7.75625,-7.4125,-7.4125,0.0,WR
Deonte Harty,BUF,12.6,40.4,5.4,-7.80625,-8.25625,-6.06875,0.0,WR
Dontayvion Wicks,GB,12.4,18.8,16.8,-7.81875,-7.54375,-7.41875,0.0,WR
Jakeem Grant Sr.,CLE,12.2,24.1,6.8,-7.83125,-8.16875,-7.0875,0.0,WR
Montrell Washington,DEN,12.2,13.9,12.8,-7.83125,-7.79375,-7.725,0.0,WR
Simi Fehoko,DAL,11.9,22.7,8.8,-7.85,-8.04375,-7.175,0.0,WR
Mike Strachan,IND,11.7,11.4,11.4,-7.8625,-7.88125,-7.88125,0.0,WR
Dante Pettis,CHI,11.5,30.7,7.2,-7.875,-8.14375,-6.675,0.0,WR
Byron Pringle,WAS,11.0,14.0,10.6,-7.90625,-7.93125,-7.71875,0.0,WR
Lance McCutcheon,LAR,9.9,12.5,8.2,-7.975,-8.08125,-7.8125,0.0,WR
Darrius Shepherd,LAC,9.9,14.6,14.6,-7.975,-7.68125,-7.68125,0.0,WR
Kevin Austin Jr.,JAC,9.8,14.2,14.2,-7.98125,-7.70625,-7.70625,0.0,WR
Ray-Ray McCloud III,SF,9.8,16.5,8.4,-7.98125,-8.06875,-7.5625,0.0,WR
Gunner Olszewski,PIT,8.6,12.8,6.2,-8.05625,-8.20625,-7.79375,0.0,WR
Maurice Alexander,DET,8.6,8.3,8.3,-8.05625,-8.075,-8.075,0.0,WR
River Cracraft,MIA,8.4,19.8,4.1,-8.06875,-8.3375,-7.35625,0.0,WR
Trinity Benson,DET,8.4,8.1,8.1,-8.06875,-8.0875,-8.0875,0.0,WR
Isaiah Coulter,BUF,8.2,7.8,7.8,-8.08125,-8.10625,-8.10625,0.0,WR
Dezmon Patmon,BUF,8.2,7.8,7.8,-8.08125,-8.10625,-8.10625,0.0,WR
Stanley Morgan Jr.,CIN,8.1,7.8,7.8,-8.0875,-8.10625,-8.10625,0.0,WR
Easop Winston Jr.,SEA,8.1,12.6,7.1,-8.0875,-8.15,-7.80625,0.0,WR
Dennis Houston,DAL,8.0,7.6,7.6,-8.09375,-8.11875,-8.11875,0.0,WR
Matthew Slater,NE,7.9,10.7,6.4,-8.1,-8.19375,-7.925,0.0,WR
Seth Williams,JAC,7.9,8.0,8.0,-8.1,-8.09375,-8.09375,0.0,WR
KeeSean Johnson,BUF,7.8,7.4,7.4,-8.10625,-8.13125,-8.13125,0.0,WR
Jacob Harris,JAC,7.8,7.9,7.9,-8.10625,-8.1,-8.1,0.0,WR
Joe Reed,CHI,7.6,12.0,4.9,-8.11875,-8.2875,-7.84375,0.0,WR
Andy Isabella,BUF,7.5,8.5,7.4,-8.125,-8.13125,-8.0625,0.0,WR
Brandon Johnson,DEN,7.3,10.8,7.3,-8.1375,-8.1375,-7.91875,0.0,WR
KaVontae Turpin,DAL,7.2,13.7,5.4,-8.14375,-8.25625,-7.7375,0.0,WR
Erik Ezukanma,MIA,7.1,7.3,7.3,-8.15,-8.1375,-8.1375,0.0,WR
Jaelon Darden,CLE,7.0,10.4,6.0,-8.15625,-8.21875,-7.94375,0.0,WR
C.J. Saunders,CAR,6.8,6.9,6.9,-8.16875,-8.1625,-8.1625,0.0,WR
Dez Fitzpatrick,PIT,6.7,6.7,6.7,-8.175,-8.175,-8.175,0.0,WR
Keke Coutee,NO,6.6,6.6,6.6,-8.18125,-8.18125,-8.18125,0.0,WR
Cody White,PIT,6.6,6.7,6.7,-8.18125,-8.175,-8.175,0.0,WR
Anthony Schwartz,CLE,6.6,8.3,6.4,-8.18125,-8.19375,-8.075,0.0,WR
Keelan Cole Sr.,LV,6.6,6.7,6.7,-8.18125,-8.175,-8.175,0.0,WR
James Proche II,BAL,6.5,9.3,5.7,-8.1875,-8.2375,-8.0125,0.0,WR
Michael Woods II,CLE,6.4,6.4,6.4,-8.19375,-8.19375,-8.19375,0.0,WR
Danny Gray,SF,6.4,15.2,3.8,-8.19375,-8.35625,-7.64375,0.0,WR
Mason Kinsey,TEN,6.4,6.4,6.4,-8.19375,-8.19375,-8.19375,0.0,WR
Racey McMath,TEN,6.3,6.3,6.3,-8.2,-8.2,-8.2,0.0,WR
Dax Milne,WAS,6.3,6.4,6.4,-8.2,-8.19375,-8.19375,0.0,WR
Trent Taylor,CIN,6.2,6.5,6.4,-8.20625,-8.19375,-8.1875,0.0,WR
Chris Conley,SF,6.2,6.4,6.4,-8.20625,-8.19375,-8.19375,0.0,WR
Cam Sims,LV,6.1,7.0,6.8,-8.2125,-8.16875,-8.15625,0.0,WR
Tylan Wallace,BAL,6.1,8.7,6.2,-8.2125,-8.20625,-8.05,0.0,WR
Malik Turner,IND,6.0,6.0,6.0,-8.21875,-8.21875,-8.21875,0.0,WR
Tim Jones,JAC,5.8,7.2,5.7,-8.23125,-8.2375,-8.14375,0.0,WR
Vyncint Smith,IND,5.8,5.7,5.7,-8.23125,-8.2375,-8.2375,0.0,WR
Josh Ali,ATL,5.7,5.8,5.8,-8.2375,-8.23125,-8.23125,0.0,WR
Dareke Young,SEA,5.6,8.4,8.4,-8.24375,-8.06875,-8.06875,0.0,WR
Frank Darby,ATL,5.4,6.3,5.3,-8.25625,-8.2625,-8.2,0.0,WR
Jalen Camp,HOU,5.3,6.0,5.3,-8.2625,-8.2625,-8.21875,0.0,WR
Daurice Fountain,CHI,5.1,5.1,5.1,-8.275,-8.275,-8.275,0.0,WR
Nsimba Webster,CHI,5.1,5.0,5.0,-8.275,-8.28125,-8.28125,0.0,WR
Keith Kirkwood,NO,4.8,6.3,4.7,-8.29375,-8.3,-8.2,0.0,WR
Austin Trammell,LAR,4.7,6.4,3.8,-8.3,-8.35625,-8.19375,0.0,WR
James Washington,NO,4.4,6.2,3.9,-8.31875,-8.35,-8.20625,0.0,WR
Alex Erickson,NYJ,4.4,6.3,3.1,-8.31875,-8.4,-8.2,0.0,WR
Miles Boykin,PIT,4.3,6.1,2.7,-8.325,-8.425,-8.2125,0.0,WR
Ty Scott,KC,4.3,6.3,6.3,-8.325,-8.2,-8.2,0.0,WR
Kawaan Baker,NO,3.8,3.4,3.4,-8.35625,-8.38125,-8.38125,0.0,WR
Breshad Perriman,IND,2.8,3.8,3.8,-8.41875,-8.35625,-8.35625,0.0,WR
Ronnie Bell,SF,2.2,3.1,3.1,-8.45625,-8.4,-8.4,0.0,WR
Jason Brownlee,NYJ,1.9,2.7,2.7,-8.475,-8.425,-8.425,0.0,WR
Taylor Grimes,DEN,0.8,1.0,1.0,-8.54375,-8.53125,-8.53125,0.0,WR
Britain Covey,PHI,0.2,0.2,0.2,-8.58125,-8.58125,-8.58125,0.0,WR
Justin Shorter,BUF,0.0,0.0,0.0,-8.59375,-8.59375,-8.59375,0.0,WR
Puka Nacua,LAR,0.0,0.0,0.0,-8.59375,-8.59375,-8.59375,0.0,WR
Andrei Iosivas,CIN,0.0,0.0,0.0,-8.59375,-8.59375,-8.59375,0.0,WR
Cedric Tillman,CLE,0.0,0.0,0.0,-8.59375,-8.59375,-8.59375,0.0,WR
Bryce Ford-Wheaton,NYG,0.0,0.0,0.0,-8.59375,-8.59375,-8.59375,0.0,WR
Quintez Cephus,DET,0.0,0.0,0.0,-8.59375,-8.59375,-8.59375,0.0,WR
Derius Davis,LAC,0.0,0.0,0.0,-8.59375,-8.59375,-8.59375,0.0,WR
A.T. Perry,NO,0.0,0.0,0.0,-8.59375,-8.59375,-8.59375,0.0,WR
Xavier Hutchinson,HOU,0.0,0.0,0.0,-8.59375,-8.59375,-8.59375,0.0,WR
Kendric Pryor,JAC,0.0,0.0,0.0,-8.59375,-8.59375,-8.59375,0.0,WR
Tim Patrick,DEN,0.0,0.0,0.0,-8.59375,-8.59375,-8.59375,0.0,WR
Demetric Felton Jr.,CLE,0.0,0.0,0.0,-8.59375,-8.59375,-8.59375,0.0,WR
Demario Douglas,NE,0.0,0.0,0.0,-8.59375,-8.59375,-8.59375,0.0,WR
Kayshon Boutte,NE,0.0,0.0,0.0,-8.59375,-8.59375,-8.59375,0.0,WR
Parker Washington,JAC,0.0,0.0,0.0,-8.59375,-8.59375,-8.59375,0.0,WR
N'Keal Harry,MIN,0.0,0.0,0.0,-8.59375,-8.59375,-8.59375,0.0,WR
Tyler Scott,CHI,0.0,0.0,0.0,-8.59375,-8.59375,-8.59375,0.0,WR
Robbie Chosen,MIA,0.0,0.0,0.0,-8.59375,-8.59375,-8.59375,0.0,WR
Justyn Ross,KC,0.0,0.0,0.0,-8.59375,-8.59375,-8.59375,0.0,WR
Travis Kelce,KC,234.7,346.9,219.4,7.94375,6.987500000000001,14.956249999999999,66.0,TE
Mark Andrews,BAL,164.7,235.5,146.5,3.5687499999999996,2.4312500000000004,7.99375,51.0,TE
T.J. Hockenson,MIN,157.8,233.6,141.2,3.137500000000001,2.0999999999999996,7.875,38.0,TE
George Kittle,SF,146.5,216.1,138.2,2.4312500000000004,1.9124999999999996,6.78125,28.0,TE
Darren Waller,NYG,139.1,230.7,127.8,1.96875,1.2625000000000002,7.69375,19.0,TE
Dallas Goedert,PHI,133.9,223.9,121.2,1.6437500000000007,0.8500000000000005,7.268750000000001,13.0,TE
Kyle Pitts,ATL,128.1,182.0,120.6,1.28125,0.8125,4.65,7.0,TE
Evan Engram,JAC,118.8,180.2,111.9,0.7000000000000002,0.2687500000000007,4.5375,4.0,TE
Pat Freiermuth,PIT,116.6,164.6,112.9,0.5625,0.3312500000000007,3.5625,2.0,TE
Dalton Schultz,HOU,111.2,184.4,102.7,0.22500000000000053,-0.30624999999999947,4.800000000000001,1.0,TE
David Njoku,CLE,110.7,156.5,106.9,0.19375000000000053,-0.04374999999999929,3.0562500000000004,0.0,TE
Chigoziem Okonkwo,TEN,107.6,163.1,98.0,0.0,-0.5999999999999996,3.46875,0.0,TE
Greg Dulcich,DEN,107.6,155.0,104.3,0.0,-0.20624999999999982,2.9625000000000004,0.0,TE
Tyler Higbee,LAR,106.8,168.3,98.3,-0.04999999999999982,-0.5812499999999998,3.793750000000001,0.0,TE
Gerald Everett,LAC,100.5,169.9,92.3,-0.44374999999999964,-0.9562499999999998,3.8937500000000007,0.0,TE
Dalton Kincaid,BUF,93.4,123.7,84.6,-0.8874999999999993,-1.4375,1.0062500000000005,0.0,TE
Juwan Johnson,NO,92.9,121.8,86.7,-0.9187499999999993,-1.3062499999999995,0.8875000000000002,0.0,TE
Cole Kmet,CHI,88.1,117.2,74.9,-1.21875,-2.0437499999999993,0.6000000000000005,0.0,TE
Irv Smith Jr.,CIN,87.5,127.2,80.4,-1.2562499999999996,-1.6999999999999993,1.2250000000000005,0.0,TE
Noah Fant,SEA,85.2,124.9,74.3,-1.3999999999999995,-2.08125,1.0812500000000007,0.0,TE
Sam LaPorta,DET,84.3,117.7,78.5,-1.4562499999999998,-1.8187499999999996,0.6312500000000005,0.0,TE
Hunter Henry,NE,83.6,141.6,72.5,-1.5,-2.1937499999999996,2.125,0.0,TE
Hayden Hurst,CAR,83.6,126.8,73.6,-1.5,-2.125,1.2000000000000002,0.0,TE
Tyler Conklin,NYJ,80.3,121.7,75.0,-1.7062499999999998,-2.0374999999999996,0.8812500000000005,0.0,TE
Dawson Knox,BUF,79.1,106.1,68.7,-1.78125,-2.4312499999999995,-0.09375,0.0,TE
Cade Otton,TB,78.9,139.6,70.2,-1.7937499999999993,-2.3374999999999995,2.0,0.0,TE
Jelani Woods,IND,76.5,122.4,59.5,-1.9437499999999996,-3.0062499999999996,0.9250000000000007,0.0,TE
Zach Ertz,ARI,76.4,113.6,67.9,-1.9499999999999993,-2.4812499999999993,0.375,0.0,TE
Logan Thomas,WAS,73.7,110.4,65.3,-2.1187499999999995,-2.64375,0.1750000000000007,0.0,TE
Mike Gesicki,NE,72.4,102.6,56.6,-2.1999999999999993,-3.1874999999999996,-0.3125,0.0,TE
Michael Mayer,LV,72.1,99.4,67.4,-2.21875,-2.5124999999999993,-0.5124999999999993,0.0,TE
Trey McBride,ARI,70.9,105.2,53.9,-2.2937499999999993,-3.3562499999999997,-0.14999999999999947,0.0,TE
Luke Musgrave,GB,60.7,84.0,54.4,-2.9312499999999995,-3.3249999999999997,-1.4749999999999996,0.0,TE
Taysom Hill,NO,58.2,88.0,54.3,-3.0874999999999995,-3.33125,-1.2249999999999996,0.0,TE
Austin Hooper,LV,56.6,80.4,48.6,-3.1874999999999996,-3.6874999999999996,-1.6999999999999993,0.0,TE
Jake Ferguson,DAL,56.3,70.2,52.8,-3.20625,-3.425,-2.3374999999999995,0.0,TE
Isaiah Likely,BAL,56.0,101.1,38.5,-3.2249999999999996,-4.31875,-0.40625,0.0,TE
Luke Schoonmaker,DAL,47.0,94.4,34.9,-3.7874999999999996,-4.543749999999999,-0.8249999999999993,0.0,TE
Robert Tonyan,CHI,44.6,86.9,19.1,-3.9374999999999996,-5.53125,-1.2937499999999993,0.0,TE
Donald Parham Jr.,LAC,39.7,73.3,22.2,-4.2437499999999995,-5.3374999999999995,-2.14375,0.0,TE
Noah Gray,KC,39.4,67.2,20.6,-4.262499999999999,-5.4375,-2.5249999999999995,0.0,TE
Brock Wright,DET,38.6,57.7,28.0,-4.3125,-4.975,-3.1187499999999995,0.0,TE
Jordan Akins,CLE,38.4,101.6,19.4,-4.324999999999999,-5.512499999999999,-0.375,0.0,TE
Jonnu Smith,ATL,38.3,56.8,29.1,-4.33125,-4.90625,-3.175,0.0,TE
C.J. Uzomah,NYJ,37.7,66.6,14.9,-4.3687499999999995,-5.793749999999999,-2.5625,0.0,TE
Will Dissly,SEA,37.7,68.3,21.0,-4.3687499999999995,-5.4125,-2.45625,0.0,TE
Brenton Strange,JAC,37.6,59.1,36.3,-4.375,-4.45625,-3.0312499999999996,0.0,TE
Durham Smythe,MIA,37.4,69.1,33.9,-4.387499999999999,-4.606249999999999,-2.40625,0.0,TE
Foster Moreau,NO,36.1,53.9,16.6,-4.46875,-5.6875,-3.3562499999999997,0.0,TE
Josiah Deguara,GB,35.9,55.9,28.4,-4.481249999999999,-4.949999999999999,-3.2312499999999997,0.0,TE
Jimmy Graham,NO,35.4,82.6,26.1,-4.512499999999999,-5.09375,-1.5625,0.0,TE
Kylen Granson,IND,34.8,70.1,17.3,-4.55,-5.64375,-2.34375,0.0,TE
Tommy Tremble,CAR,33.4,56.1,18.4,-4.637499999999999,-5.574999999999999,-3.2187499999999996,0.0,TE
Harrison Bryant,CLE,32.7,66.3,18.4,-4.6812499999999995,-5.574999999999999,-2.58125,0.0,TE
Brevin Jordan,HOU,31.5,48.8,29.9,-4.75625,-4.856249999999999,-3.675,0.0,TE
Albert Okwuegbunam,DEN,31.4,55.0,17.4,-4.762499999999999,-5.637499999999999,-3.2874999999999996,0.0,TE
Darnell Washington,PIT,31.2,56.2,21.6,-4.7749999999999995,-5.375,-3.2124999999999995,0.0,TE
Josh Oliver,MIN,29.1,43.6,13.3,-4.90625,-5.89375,-3.9999999999999996,0.0,TE
Colby Parkinson,SEA,29.1,56.7,18.1,-4.90625,-5.59375,-3.1812499999999995,0.0,TE
Charlie Kolar,BAL,29.1,57.3,17.4,-4.90625,-5.637499999999999,-3.14375,0.0,TE
Tucker Kraft,GB,28.6,53.6,12.6,-4.9375,-5.9375,-3.3749999999999996,0.0,TE
Mo Alie-Cox,IND,28.1,45.3,23.2,-4.96875,-5.2749999999999995,-3.89375,0.0,TE
Ian Thomas,CAR,27.5,34.6,27.3,-5.00625,-5.01875,-4.5625,0.0,TE
Brycen Hopkins,LAR,26.6,46.3,19.5,-5.0625,-5.50625,-3.83125,0.0,TE
Peyton Hendershot,DAL,26.1,43.4,11.7,-5.09375,-5.9937499999999995,-4.012499999999999,0.0,TE
Dan Arnold,PHI,26.1,32.2,18.0,-5.09375,-5.6,-4.7124999999999995,0.0,TE
Elijah Higgins,MIA,25.8,30.7,21.5,-5.1125,-5.38125,-4.8062499999999995,0.0,TE
Lawrence Cager,NYG,25.5,42.9,15.8,-5.13125,-5.7375,-4.043749999999999,0.0,TE
Geoff Swaim,ARI,25.3,36.3,17.7,-5.14375,-5.6187499999999995,-4.45625,0.0,TE
Adam Trautman,DEN,25.1,48.2,11.6,-5.15625,-6.0,-3.7124999999999995,0.0,TE
John Bates,WAS,24.6,31.9,16.8,-5.1875,-5.675,-4.731249999999999,0.0,TE
Marcedes Lewis,CHI,24.5,20.0,20.0,-5.19375,-5.475,-5.475,0.0,TE
Cameron Latu,SF,23.7,42.2,16.5,-5.2437499999999995,-5.69375,-4.0874999999999995,0.0,TE
Daniel Bellinger,NYG,23.5,57.7,14.4,-5.25625,-5.824999999999999,-3.1187499999999995,0.0,TE
Teagan Quitoriano,HOU,23.4,33.5,10.6,-5.262499999999999,-6.0625,-4.63125,0.0,TE
Eric Saubert,MIA,23.1,34.2,16.6,-5.28125,-5.6875,-4.5874999999999995,0.0,TE
Davis Allen,LAR,22.5,31.1,13.2,-5.31875,-5.8999999999999995,-4.78125,0.0,TE
Payne Durham,TB,22.4,26.7,20.9,-5.324999999999999,-5.418749999999999,-5.0562499999999995,0.0,TE
Miller Forristall,CLE,22.4,15.5,15.5,-5.324999999999999,-5.75625,-5.75625,0.0,TE
Blake Bell,KC,22.2,30.4,16.0,-5.3374999999999995,-5.725,-4.824999999999999,0.0,TE
Tre' McKitty,LAC,21.9,33.1,15.9,-5.356249999999999,-5.731249999999999,-4.65625,0.0,TE
Jody Fortson,KC,20.7,29.9,16.3,-5.4312499999999995,-5.70625,-4.856249999999999,0.0,TE
Josh Whyle,TEN,20.4,31.9,15.2,-5.449999999999999,-5.7749999999999995,-4.731249999999999,0.0,TE
Andrew Ogletree,IND,19.8,15.0,15.0,-5.4875,-5.7875,-5.7875,0.0,TE
James Mitchell,DET,18.9,32.8,10.6,-5.543749999999999,-6.0625,-4.675,0.0,TE
Jack Stoll,PHI,18.3,25.6,9.6,-5.58125,-6.125,-5.125,0.0,TE
Zach Gentry,PIT,17.7,30.5,15.0,-5.6187499999999995,-5.7875,-4.81875,0.0,TE
Connor Heyward,PIT,17.5,34.8,8.7,-5.63125,-6.1812499999999995,-4.55,0.0,TE
Brayden Willis,SF,17.2,15.8,15.0,-5.6499999999999995,-5.7875,-5.7375,0.0,TE
Zack Kuntz,NYJ,17.1,32.4,8.5,-5.65625,-6.19375,-4.699999999999999,0.0,TE
Tyler Kroft,MIA,16.8,20.2,12.4,-5.675,-5.949999999999999,-5.4624999999999995,0.0,TE
Ko Kieft,TB,16.6,30.4,9.3,-5.6875,-6.14375,-4.824999999999999,0.0,TE
Andrew Beck,HOU,16.6,26.3,17.8,-5.6875,-5.6125,-5.08125,0.0,TE
Jeremy Ruckert,NYJ,16.4,37.4,9.0,-5.699999999999999,-6.1625,-4.387499999999999,0.0,TE
Stephen Sullivan,CAR,16.1,23.4,8.0,-5.71875,-6.225,-5.262499999999999,0.0,TE
Drew Sample,CIN,15.1,26.4,9.9,-5.78125,-6.106249999999999,-5.074999999999999,0.0,TE
Hunter Long,LAR,14.8,31.5,12.3,-5.8,-5.95625,-4.75625,0.0,TE
Reggie Gilliam,BUF,14.8,14.1,11.4,-5.8,-6.012499999999999,-5.84375,0.0,TE
Tanner Hudson,CIN,14.0,33.5,10.2,-5.85,-6.0874999999999995,-4.63125,0.0,TE
Cole Turner,WAS,13.7,37.9,6.7,-5.8687499999999995,-6.3062499999999995,-4.356249999999999,0.0,TE
Will Mallory,IND,13.4,27.8,3.3,-5.887499999999999,-6.51875,-4.9875,0.0,TE
Jesper Horsted,LV,13.3,24.5,8.0,-5.89375,-6.225,-5.19375,0.0,TE
Stone Smartt,LAC,13.3,14.7,7.9,-5.89375,-6.231249999999999,-5.8062499999999995,0.0,TE
Curtis Hodges,WAS,12.8,13.1,9.2,-5.925,-6.1499999999999995,-5.90625,0.0,TE
Luke Farrell,JAC,12.7,18.4,8.9,-5.9312499999999995,-6.168749999999999,-5.574999999999999,0.0,TE
Ross Dwelley,SF,12.7,20.8,2.6,-5.9312499999999995,-6.5625,-5.425,0.0,TE
Quintin Morris,BUF,12.3,20.8,9.0,-5.95625,-6.1625,-5.425,0.0,TE
Johnny Mundt,MIN,12.3,23.2,8.6,-5.95625,-6.1875,-5.2749999999999995,0.0,TE
Chris Manhertz,DEN,11.6,21.3,7.7,-6.0,-6.2437499999999995,-5.39375,0.0,TE
Armani Rogers,WAS,11.2,13.5,10.8,-6.0249999999999995,-6.05,-5.88125,0.0,TE
Devin Asiasi,CIN,10.9,17.2,4.2,-6.043749999999999,-6.4624999999999995,-5.6499999999999995,0.0,TE
Grant Calcaterra,PHI,10.6,28.6,6.1,-6.0625,-6.34375,-4.9375,0.0,TE
Giovanni Ricci,CAR,10.5,20.8,9.0,-6.06875,-6.1625,-5.425,0.0,TE
Shane Zylstra,DET,10.4,18.2,8.4,-6.074999999999999,-6.199999999999999,-5.5874999999999995,0.0,TE
Eric Tomlinson,HOU,10.1,20.0,7.9,-6.09375,-6.231249999999999,-5.475,0.0,TE
Trevon Wesco,TEN,9.1,17.4,8.7,-6.15625,-6.1812499999999995,-5.637499999999999,0.0,TE
Chris Myarick,NYG,8.9,16.2,6.6,-6.168749999999999,-6.3125,-5.7124999999999995,0.0,TE
Parker Hesse,ATL,8.1,18.6,6.0,-6.21875,-6.35,-5.5625,0.0,TE
Tanner Conner,MIA,7.5,7.4,7.4,-6.25625,-6.262499999999999,-6.262499999999999,0.0,TE
Kevin Rader,TEN,7.5,18.4,3.4,-6.25625,-6.512499999999999,-5.574999999999999,0.0,TE
Tommy Sweeney,NYG,7.3,10.8,6.6,-6.26875,-6.3125,-6.05,0.0,TE
Dominique Dafney,TB,7.2,7.3,7.3,-6.2749999999999995,-6.26875,-6.26875,0.0,TE
David Wells,TB,7.1,10.1,10.1,-6.28125,-6.09375,-6.09375,0.0,TE
Anthony Firkser,NE,7.0,7.1,7.1,-6.2875,-6.28125,-6.28125,0.0,TE
Dalton Keene,HOU,6.8,6.8,6.8,-6.3,-6.3,-6.3,0.0,TE
Mason Schreck,HOU,6.8,6.9,6.9,-6.3,-6.293749999999999,-6.293749999999999,0.0,TE
Charlie Woerner,SF,6.6,9.6,6.8,-6.3125,-6.3,-6.125,0.0,TE
Noah Togiai,ARI,6.2,7.6,7.0,-6.3374999999999995,-6.2875,-6.25,0.0,TE
Sean McKeon,DAL,5.9,8.4,5.0,-6.356249999999999,-6.4125,-6.199999999999999,0.0,TE
Tyler Davis,GB,5.9,8.4,5.2,-6.356249999999999,-6.3999999999999995,-6.199999999999999,0.0,TE
Feleipe Franks,ATL,5.8,6.0,6.0,-6.3625,-6.35,-6.35,0.0,TE
Tyler Mabry,SEA,5.7,6.7,6.3,-6.3687499999999995,-6.33125,-6.3062499999999995,0.0,TE
Pharaoh Brown,IND,5.4,14.6,2.9,-6.387499999999999,-6.543749999999999,-5.8125,0.0,TE
Jake Tonges,CHI,5.1,5.3,5.3,-6.40625,-6.39375,-6.39375,0.0,TE
Matt Sokol,NE,4.5,6.1,6.1,-6.44375,-6.34375,-6.34375,0.0,TE
Nick Vannett,HOU,3.7,5.7,2.4,-6.4937499999999995,-6.574999999999999,-6.3687499999999995,0.0,TE
Sammis Reyes,JAC,2.4,3.7,3.7,-6.574999999999999,-6.4937499999999995,-6.4937499999999995,0.0,TE
Hunter Kampmoyer,LAC,1.0,1.6,1.6,-6.6625,-6.625,-6.625,0.0,TE
Ben Mason,BAL,0.3,0.7,0.7,-6.70625,-6.6812499999999995,-6.6812499999999995,0.0,TE
Tyree Jackson,PHI,0.0,0.0,0.0,-6.725,-6.725,-6.725,0.0,TE
Mitchell Wilcox,CIN,0.0,0.0,0.0,-6.725,-6.725,-6.725,0.0,TE
MyCole Pruitt,ATL,0.0,0.0,0.0,-6.725,-6.725,-6.725,0.0,TE
Kendall Blanton,KC,0.0,0.0,0.0,-6.725,-6.725,-6.725,0.0,TE
